Rooms,Type,Price,Distance,Bedroom2,Bathroom,Car,Landsize,BuildingArea,YearBuilt,CouncilArea
2,t,771000.0,13.8,2.0,1.0,1.0,0.0,99.0,1992.0,Bayside
3,t,700000.0,7.9,3.0,2.0,1.0,189.0,110.0,1990.0,Banyule
3,u,975000.0,12.1,3.0,2.0,1.0,277.0,109.0,1975.0,Glen Eira
3,h,1290000.0,8.0,3.0,1.0,1.0,618.0,132.0,1960.0,Moonee Valley
2,u,500000.0,4.2,2.0,1.0,1.0,0.0,86.0,2000.0,Melbourne
3,t,797500.0,5.9,3.0,2.0,2.0,262.0,155.0,2010.0,Moreland
3,h,1355000.0,13.9,3.0,1.0,1.0,814.0,120.0,1965.0,Manningham
2,t,707500.0,5.6,2.0,1.0,1.0,124.0,86.0,1992.0,Boroondara
2,u,444000.0,7.5,2.0,1.0,1.0,0.0,68.0,1970.0,Boroondara
3,h,878000.0,8.2,3.0,1.0,1.0,397.0,127.0,1960.0,Maribyrnong
2,t,490000.0,11.2,2.0,1.0,1.0,91.0,84.0,2014.0,Darebin
3,t,745000.0,11.7,3.0,1.0,2.0,228.0,126.0,1998.0,Whitehorse
3,t,1388000.0,3.5,3.0,2.0,2.0,104.0,146.0,2015.0,Port Phillip
4,t,1105000.0,14.6,3.0,2.0,2.0,220.0,187.0,2015.0,Kingston
1,u,367000.0,3.3,1.0,1.0,0.0,0.0,42.0,1950.0,Stonnington
4,h,2620000.0,13.0,4.0,4.0,2.0,579.0,361.0,2012.0,Glen Eira
4,h,950000.0,10.5,4.0,3.0,3.0,761.0,281.0,1970.0,Moonee Valley
2,u,660000.0,1.2,2.0,1.0,1.0,0.0,77.0,2000.0,Melbourne
4,h,3100000.0,7.5,3.0,2.0,2.0,640.0,232.0,1907.0,Boroondara
1,u,390000.0,2.6,1.0,1.0,1.0,0.0,40.0,2011.0,Yarra
2,h,1030000.0,2.5,2.0,1.0,1.0,172.0,81.0,1930.0,Yarra
3,u,2460000.0,3.8,3.0,2.0,2.0,5042.0,102.0,1995.0,Port Phillip
3,h,827000.0,11.2,3.0,1.0,2.0,676.0,113.0,1960.0,Moreland
2,h,472500.0,14.5,2.0,1.0,2.0,729.0,88.0,1960.0,Hume
5,h,1075000.0,5.2,5.0,1.0,1.0,441.0,202.0,1940.0,Moreland
7,h,1642000.0,10.4,7.0,4.0,2.0,765.0,146.0,1950.0,Whitehorse
2,u,485000.0,8.8,2.0,1.0,1.0,117.0,73.0,1965.0,Darebin
4,t,1170000.0,21.5,4.0,2.0,2.0,312.0,179.0,2004.0,Kingston
2,t,805000.0,5.8,2.0,1.0,1.0,140.0,2.0,2008.0,Darebin
2,t,785000.0,7.9,2.0,2.0,1.0,124.0,135.0,2010.0,Banyule
3,h,1455000.0,4.2,3.0,1.0,0.0,275.0,120.0,1900.0,Melbourne
2,u,905000.0,10.7,2.0,1.0,2.0,189.0,93.0,1980.0,Bayside
3,h,565000.0,14.0,3.0,1.0,2.0,614.0,110.0,1975.0,Brimbank
3,t,1627000.0,21.5,3.0,2.0,2.0,304.0,233.0,2007.0,Kingston
3,t,865000.0,5.5,3.0,1.0,2.0,184.0,108.0,2006.0,Darebin
3,h,1370000.0,7.8,3.0,1.0,1.0,233.0,180.0,1890.0,Moreland
2,u,437500.0,11.8,2.0,1.0,1.0,0.0,74.0,1970.0,Glen Eira
2,u,491000.0,5.2,2.0,1.0,1.0,1080.0,66.0,1960.0,Moreland
2,u,692000.0,10.7,2.0,1.0,1.0,74.0,66.0,1960.0,Bayside
4,h,1350000.0,5.2,4.0,1.0,1.0,370.0,151.0,1940.0,Moreland
4,h,1462500.0,13.9,4.0,3.0,2.0,654.0,160.0,1969.0,Manningham
2,u,425000.0,4.2,2.0,1.0,1.0,0.0,59.0,2006.0,Melbourne
3,h,1037000.0,4.2,3.0,1.0,1.0,188.0,106.0,1910.0,Melbourne
2,u,566000.0,8.7,2.0,2.0,1.0,3014.0,80.0,2012.0,Maribyrnong
3,h,2825000.0,9.2,4.0,2.0,4.0,885.0,217.0,1910.0,Stonnington
4,t,2221000.0,15.2,4.0,2.0,2.0,381.0,235.0,2000.0,Bayside
2,u,900000.0,7.8,2.0,1.0,1.0,150.0,88.0,1970.0,Boroondara
4,t,1680000.0,7.9,4.0,2.0,1.0,254.0,172.0,1995.0,Boroondara
3,t,690000.0,5.6,3.0,1.0,2.0,111.0,3.0,1872.0,Boroondara
2,u,650000.0,9.7,2.0,1.0,1.0,0.0,150.0,1960.0,Boroondara
2,t,880000.0,1.6,2.0,2.0,2.0,0.0,105.0,2000.0,Yarra
3,h,1101000.0,13.8,3.0,2.0,2.0,643.0,135.0,1965.0,Manningham
2,u,465000.0,11.4,2.0,1.0,1.0,0.0,56.0,1970.0,Glen Eira
3,t,825000.0,13.0,3.0,2.0,2.0,147.0,149.0,2007.0,Glen Eira
2,u,799000.0,1.8,2.0,1.0,1.0,0.0,73.0,1900.0,Melbourne
1,u,305000.0,6.4,1.0,1.0,1.0,59.0,70.0,1965.0,Maribyrnong
3,u,835000.0,7.8,3.0,1.0,1.0,112.0,85.0,1960.0,Boroondara
2,u,396000.0,9.4,2.0,1.0,1.0,0.0,56.0,1975.0,Moonee Valley
1,u,370000.0,5.2,1.0,1.0,1.0,540.0,45.0,1970.0,Moreland
4,h,1845000.0,11.8,4.0,3.0,1.0,718.0,189.0,1939.0,Glen Eira
4,h,2590000.0,5.6,4.0,2.0,2.0,660.0,215.0,1928.0,Boroondara
3,h,1402500.0,3.0,3.0,1.0,1.0,270.0,101.0,1960.0,Yarra
2,t,450000.0,13.5,2.0,1.0,1.0,110.0,90.0,2015.0,Moonee Valley
7,h,1205000.0,5.9,7.0,3.0,1.0,447.0,287.0,1982.0,Moreland
3,u,813000.0,15.4,3.0,2.0,2.0,266.0,134.0,2001.0,Whitehorse
2,t,1100000.0,2.1,2.0,1.0,1.0,327.0,75.0,2004.0,Port Phillip
2,u,560000.0,4.5,2.0,1.0,1.0,0.0,71.0,2000.0,Stonnington
3,t,1160000.0,12.1,3.0,2.0,2.0,302.0,172.0,2000.0,Glen Eira
2,u,525500.0,6.4,2.0,1.0,1.0,88.0,60.0,1960.0,Darebin
2,t,1055000.0,1.9,2.0,1.0,1.0,0.0,154.0,2009.0,Melbourne
3,t,810000.0,7.8,3.0,2.0,1.0,213.0,131.0,2010.0,Moreland
2,u,802500.0,6.2,2.0,1.0,2.0,966.0,87.0,1970.0,Boroondara
2,u,452000.0,2.8,2.0,1.0,0.0,0.0,60.0,2006.0,Melbourne
3,t,1557000.0,9.7,3.0,2.0,2.0,292.0,181.0,2010.0,Boroondara
1,u,320000.0,5.9,1.0,1.0,1.0,0.0,43.0,1970.0,Moreland
2,u,592000.0,5.9,2.0,1.0,1.0,0.0,72.9,1977.0,Stonnington
3,h,785000.0,7.9,3.0,2.0,0.0,399.0,110.0,1950.0,Banyule
3,t,521000.0,13.5,3.0,3.0,2.0,134.0,124.45,2008.0,Brimbank
2,u,526000.0,7.7,2.0,1.0,0.0,0.0,47.0,1930.0,Port Phillip
2,u,602000.0,6.1,2.0,1.0,0.0,0.0,66.0,1930.0,Port Phillip
4,h,1500000.0,12.2,4.0,2.0,1.0,593.0,255.0,1930.0,Monash
3,t,1255000.0,2.4,3.0,2.0,1.0,124.0,123.0,2008.0,Yarra
5,h,3365000.0,9.2,5.0,2.0,2.0,1339.0,270.0,1925.0,Stonnington
3,t,455000.0,12.4,3.0,2.0,1.0,738.0,138.0,2010.0,Moreland
3,t,664000.0,24.8,3.0,2.0,1.0,219.0,138.0,2010.0,Knox
3,t,714000.0,6.4,3.0,2.0,2.0,164.0,3.0,2008.0,Maribyrnong
3,t,1000000.0,21.5,3.0,2.0,2.0,298.0,124.0,1995.0,Kingston
3,h,2345000.0,8.5,3.0,2.0,1.0,419.0,204.0,1908.0,Glen Eira
3,h,775000.0,9.9,3.0,1.0,1.0,406.0,103.0,1960.0,Moreland
5,t,1050000.0,11.7,5.0,2.0,2.0,276.0,159.0,2011.0,Monash
3,t,905000.0,13.6,3.0,1.0,2.0,418.0,132.0,1955.0,Monash
3,t,1225000.0,13.9,3.0,2.0,2.0,372.0,180.0,2008.0,Glen Eira
4,h,715000.0,9.4,4.0,2.0,2.0,521.0,196.0,1990.0,Banyule
3,t,1010000.0,4.5,3.0,2.0,1.0,0.0,133.0,2014.0,Moreland
3,u,1080000.0,17.3,3.0,2.0,2.0,328.0,144.0,1980.0,Bayside
3,t,699000.0,6.4,3.0,1.0,1.0,125.0,113.0,2000.0,Maribyrnong
1,u,370000.0,2.6,1.0,1.0,1.0,502.0,38.0,1950.0,Yarra
2,u,775000.0,10.7,2.0,1.0,1.0,112.0,90.0,1960.0,Bayside
2,u,880000.0,6.8,2.0,1.0,2.0,169.0,78.54,2000.0,Hobsons Bay
3,h,1485000.0,13.9,3.0,2.0,2.0,731.0,140.0,1960.0,Manningham
3,t,895000.0,6.4,3.0,2.0,2.0,262.0,153.0,2004.0,Maribyrnong
2,u,895000.0,13.7,2.0,1.0,1.0,228.0,87.0,1975.0,Bayside
2,t,350000.0,11.2,2.0,1.0,1.0,0.0,72.0,2016.0,Darebin
3,h,1650000.0,7.8,3.0,2.0,2.0,305.0,189.0,1998.0,Boroondara
3,u,840000.0,4.6,3.0,1.0,1.0,1678.0,94.0,1940.0,Stonnington
3,t,730000.0,8.7,3.0,1.0,2.0,250.0,132.0,2000.0,Maribyrnong
4,t,1738000.0,7.5,4.0,3.0,2.0,324.0,241.0,2002.0,Boroondara
4,h,762000.0,10.5,4.0,2.0,2.0,589.0,150.0,1961.0,Moonee Valley
3,h,728500.0,11.1,3.0,1.0,1.0,531.0,157.0,1960.0,Hobsons Bay
2,t,825000.0,5.4,2.0,1.0,3.0,193.0,107.0,1995.0,Boroondara
3,t,706750.0,10.5,3.0,2.0,2.0,250.0,125.0,2012.0,Banyule
2,u,762000.0,7.3,2.0,1.0,1.0,730.0,93.0,1875.0,Stonnington
3,t,856000.0,10.4,3.0,2.0,1.0,300.0,212.0,2011.0,Moonee Valley
3,h,615000.0,12.4,3.0,1.0,2.0,650.0,112.0,1950.0,Moreland
5,h,1490000.0,11.8,5.0,3.0,2.0,796.0,304.0,1975.0,Manningham
3,t,900000.0,11.0,3.0,2.0,2.0,153.0,110.0,1990.0,Boroondara
5,h,1018000.0,13.1,5.0,2.0,2.0,737.0,194.0,1990.0,Moreland
3,t,465000.0,14.0,3.0,2.0,3.0,248.0,123.21,2010.0,Hume
1,u,451000.0,6.1,1.0,1.0,1.0,0.0,41.0,2009.0,Port Phillip
3,h,870000.0,13.9,3.0,2.0,1.0,326.0,133.0,1950.0,Glen Eira
2,u,698000.0,4.6,2.0,1.0,1.0,0.0,85.0,1900.0,Stonnington
4,t,912000.0,12.3,4.0,2.0,2.0,344.0,146.0,1997.0,Monash
3,t,1200000.0,16.0,3.0,1.0,2.0,269.0,125.0,2000.0,Bayside
4,t,926000.0,17.2,4.0,3.0,2.0,374.0,170.0,2000.0,Whitehorse
2,t,599900.0,11.8,2.0,1.0,2.0,135.0,76.0,1970.0,Manningham
3,u,633500.0,14.0,3.0,2.0,2.0,279.0,95.0,1930.0,Monash
3,t,714000.0,8.8,3.0,2.0,2.0,185.0,115.0,2005.0,Darebin
3,t,700000.0,6.4,3.0,2.0,2.0,125.0,131.0,2013.0,Maribyrnong
3,t,930000.0,3.4,3.0,2.0,1.0,124.0,116.0,2000.0,Yarra
2,t,570000.0,7.8,2.0,1.0,1.0,0.0,86.0,1900.0,Moreland
1,u,256500.0,12.1,1.0,1.0,1.0,0.0,37.0,1966.0,Glen Eira
2,u,310000.0,14.0,2.0,1.0,1.0,171.0,90.0,2008.0,Hume
4,h,800000.0,9.9,4.0,1.0,1.0,593.0,131.0,1970.0,Moreland
4,t,1520000.0,10.2,4.0,3.0,2.0,267.0,190.0,2012.0,Boroondara
2,h,1636000.0,2.5,2.0,1.0,2.0,256.0,107.0,1890.0,Yarra
3,h,1135000.0,5.9,3.0,1.0,1.0,296.0,104.0,1910.0,Moonee Valley
3,t,687000.0,7.8,3.0,1.0,1.0,116.0,140.0,1995.0,Moreland
3,t,460000.0,14.0,3.0,1.0,1.0,160.0,129.0,2000.0,Brimbank
3,t,855000.0,4.3,3.0,1.0,2.0,159.0,129.0,2011.0,Moonee Valley
3,u,549000.0,14.9,3.0,1.0,1.0,0.0,89.0,1980.0,Banyule
3,t,800000.0,5.6,3.0,2.0,2.0,848.0,97.0,1970.0,Boroondara
4,h,1361500.0,6.9,4.0,1.0,2.0,453.0,145.0,1920.0,Moonee Valley
3,t,790000.0,9.9,3.0,3.0,1.0,291.0,175.0,2009.0,Moreland
3,h,784000.0,7.8,2.0,1.0,1.0,286.0,110.0,1890.0,Moreland
4,h,2350000.0,7.5,4.0,2.0,2.0,556.0,220.0,1900.0,Boroondara
2,u,656000.0,4.5,2.0,1.0,1.0,0.0,79.0,1960.0,Moreland
2,t,801000.0,5.2,2.0,2.0,1.0,156.0,87.0,2007.0,Moreland
2,u,529000.0,31.2,2.0,1.0,1.0,199.0,84.0,1970.0,Kingston
3,t,747000.0,8.4,3.0,2.0,2.0,753.0,170.0,2005.0,Hobsons Bay
4,h,635000.0,14.5,4.0,2.0,2.0,531.0,138.0,1975.0,Brimbank
4,t,1247000.0,13.0,4.0,2.0,3.0,354.0,255.0,2008.0,Glen Eira
2,t,1540000.0,4.5,2.0,2.0,1.0,113.0,104.0,1945.0,Stonnington
3,t,1120000.0,1.9,3.0,3.0,1.0,801.0,122.0,2008.0,Melbourne
4,t,1340000.0,13.0,4.0,4.0,2.0,370.0,255.79,2006.0,Monash
2,u,617500.0,11.8,2.0,1.0,1.0,94.0,91.0,1970.0,Glen Eira
3,t,1253000.0,9.2,3.0,2.0,2.0,0.0,131.0,1995.0,Stonnington
2,t,565000.0,10.5,2.0,2.0,1.0,201.0,107.0,2007.0,Banyule
3,u,496000.0,8.8,3.0,1.0,1.0,266.0,98.0,1990.0,Darebin
3,h,2075000.0,2.1,3.0,2.0,0.0,141.0,163.0,1890.0,Port Phillip
2,u,580000.0,8.5,2.0,1.0,1.0,103.0,111.0,2010.0,Moreland
3,t,1395000.0,7.7,3.0,2.0,1.0,400.0,126.0,1996.0,Port Phillip
2,h,825000.0,13.9,2.0,2.0,1.0,176.0,125.0,2008.0,Glen Eira
3,h,708000.0,9.9,3.0,1.0,2.0,321.0,94.0,1950.0,Moreland
2,u,445000.0,5.8,2.0,1.0,1.0,0.0,56.0,1970.0,Darebin
3,h,1190000.0,8.8,3.0,2.0,2.0,572.0,118.0,1935.0,Darebin
2,t,680000.0,8.8,2.0,1.0,1.0,129.0,106.0,2013.0,Banyule
3,h,3705000.0,3.8,3.0,2.0,2.0,214.0,241.0,2014.0,Port Phillip
3,t,805000.0,13.9,3.0,2.0,1.0,268.0,117.0,2000.0,Glen Eira
3,u,565000.0,6.9,2.0,2.0,1.0,0.0,115.0,2001.0,Moonee Valley
3,h,455000.0,14.7,3.0,1.0,1.0,610.0,125.0,1980.0,Wyndham
4,h,770000.0,11.2,4.0,3.0,3.0,697.0,213.0,1970.0,Darebin
4,t,1750000.0,11.4,4.0,3.0,2.0,429.0,262.0,2013.0,Glen Eira
3,h,1090000.0,12.1,3.0,2.0,2.0,553.0,138.0,1960.0,Glen Eira
2,h,603000.0,13.5,2.0,1.0,1.0,272.0,84.0,1950.0,Moonee Valley
2,u,651000.0,13.9,2.0,1.0,1.0,265.0,150.0,1960.0,Glen Eira
3,t,970000.0,13.9,3.0,2.0,2.0,267.0,156.0,2000.0,Glen Eira
2,u,600000.0,1.2,2.0,2.0,1.0,0.0,99.0,1995.0,Melbourne
3,h,785000.0,10.5,3.0,1.0,0.0,592.0,130.0,1950.0,Banyule
2,h,1190000.0,3.0,2.0,2.0,1.0,147.0,175.0,2000.0,Yarra
2,t,754000.0,5.2,2.0,2.0,1.0,177.0,105.0,2000.0,Moreland
3,t,1200000.0,7.2,3.0,1.0,2.0,1405.0,117.0,1965.0,Glen Eira
2,u,546500.0,10.6,2.0,1.0,1.0,132.0,69.0,1972.0,Banyule
3,h,1171000.0,8.4,3.0,1.0,2.0,483.0,186.0,1930.0,Darebin
2,u,720000.0,2.3,2.0,2.0,1.0,0.0,98.0,1998.0,Melbourne
3,h,1555000.0,2.6,3.0,2.0,1.0,189.0,164.0,1900.0,Yarra
2,u,340000.0,13.0,2.0,1.0,1.0,0.0,74.0,1970.0,Moreland
4,t,860000.0,23.2,4.0,3.0,2.0,304.0,155.0,1970.0,Knox
3,h,1070000.0,6.9,3.0,1.0,2.0,231.0,130.0,1995.0,Moonee Valley
2,u,666000.0,2.7,2.0,1.0,1.0,0.0,73.0,2005.0,Stonnington
3,u,871000.0,14.3,3.0,2.0,2.0,195.0,142.0,2010.0,Manningham
2,u,620000.0,1.9,2.0,1.0,1.0,0.0,83.0,2002.0,Melbourne
3,t,890000.0,7.9,3.0,2.0,2.0,249.0,140.0,2005.0,Banyule
2,u,380000.0,11.2,2.0,1.0,1.0,149.0,70.0,1980.0,Darebin
4,h,4750000.0,8.4,4.0,3.0,2.0,967.0,470.0,1996.0,Boroondara
1,u,292000.0,4.6,1.0,1.0,0.0,0.0,56.0,1966.0,Boroondara
2,u,595000.0,1.2,2.0,1.0,1.0,0.0,75.0,1998.0,Melbourne
2,t,672000.0,12.0,2.0,1.0,1.0,243.0,120.0,2012.0,Darebin
2,u,474000.0,6.6,2.0,1.0,1.0,0.0,59.0,1970.0,Port Phillip
3,h,2050000.0,3.2,3.0,2.0,0.0,84.0,148.0,1970.0,Yarra
2,t,841000.0,2.3,2.0,1.0,1.0,215.0,0.0,2000.0,Melbourne
2,u,741000.0,8.5,3.0,1.0,1.0,0.0,1561.0,1966.0,Glen Eira
3,t,640000.0,4.3,3.0,2.0,2.0,91.0,132.0,2000.0,Maribyrnong
2,u,700000.0,12.2,2.0,1.0,2.0,192.0,88.0,2007.0,Monash
3,u,495000.0,10.8,3.0,2.0,1.0,327.0,124.0,2006.0,Maribyrnong
2,h,705000.0,5.2,2.0,1.0,1.0,161.0,68.0,1910.0,Moreland
3,u,726000.0,9.1,3.0,1.0,1.0,229.0,111.0,1996.0,Moonee Valley
2,u,435000.0,11.4,2.0,1.0,1.0,0.0,60.0,1980.0,Glen Eira
3,t,930000.0,11.7,3.0,2.0,1.0,0.0,127.0,2011.0,Monash
3,u,700000.0,9.2,3.0,1.0,1.0,350.0,120.0,1950.0,Boroondara
2,h,953000.0,4.4,2.0,1.0,0.0,274.0,103.0,1930.0,Moonee Valley
3,t,830000.0,11.2,3.0,3.0,2.0,303.0,236.0,2013.0,Moonee Valley
3,t,1625000.0,7.8,3.0,2.0,2.0,283.0,160.0,1990.0,Boroondara
3,t,820000.0,16.2,3.0,2.0,2.0,260.0,157.0,2010.0,Banyule
2,h,1550000.0,13.0,2.0,1.0,1.0,732.0,97.0,1950.0,Monash
1,u,380000.0,6.1,1.0,1.0,1.0,2879.0,49.0,1967.0,Port Phillip
4,h,1433500.0,13.9,4.0,1.0,1.0,725.0,186.0,1950.0,Glen Eira
4,t,1185000.0,13.9,4.0,2.0,2.0,305.0,207.0,2012.0,Glen Eira
2,u,716000.0,6.5,2.0,1.0,1.0,0.0,87.0,1995.0,Darebin
3,h,852000.0,4.2,3.0,1.0,1.0,166.0,138.0,2000.0,Melbourne
3,t,1472000.0,9.7,3.0,2.0,2.0,306.0,170.0,1995.0,Boroondara
2,u,525500.0,6.5,2.0,1.0,1.0,724.0,72.0,1975.0,Darebin
4,t,600000.0,14.5,4.0,2.0,1.0,231.0,146.0,2013.0,Brimbank
3,h,721000.0,15.0,3.0,1.0,1.0,687.0,122.0,1978.0,Banyule
3,u,622000.0,14.7,3.0,1.0,1.0,137.0,71.0,2012.0,Knox
5,h,5510000.0,5.3,5.0,2.0,5.0,820.0,300.0,1971.0,Boroondara
3,h,1600000.0,11.4,4.0,2.0,2.0,751.0,40.0,1923.0,Glen Eira
1,u,452000.0,9.2,1.0,1.0,1.0,63.0,52.0,1980.0,Stonnington
2,u,626000.0,4.6,2.0,1.0,2.0,0.0,78.0,2000.0,Stonnington
2,u,606000.0,8.0,2.0,1.0,2.0,0.0,93.0,1972.0,Moonee Valley
3,t,702000.0,11.7,3.0,2.0,1.0,170.0,106.0,2001.0,Monash
2,t,745000.0,17.9,2.0,1.0,2.0,359.0,98.5,1991.0,Kingston
3,t,702000.0,6.4,3.0,2.0,2.0,189.0,131.0,2000.0,Maribyrnong
3,t,655000.0,16.7,3.0,2.0,2.0,0.0,133.0,2002.0,Monash
3,t,752000.0,5.6,3.0,2.0,2.0,0.0,102.0,1980.0,Boroondara
2,u,1340000.0,2.7,2.0,2.0,2.0,0.0,133.0,1995.0,Stonnington
3,t,1080000.0,3.5,3.0,2.0,1.0,77.0,133.0,2016.0,Yarra
4,h,1472500.0,13.9,4.0,2.0,2.0,592.0,219.0,2013.0,Glen Eira
2,u,655000.0,14.5,2.0,1.0,1.0,298.0,98.0,1975.0,Banyule
3,t,560000.0,9.9,3.0,2.0,1.0,141.0,94.0,2009.0,Moreland
2,u,587000.0,7.9,2.0,1.0,1.0,721.0,78.0,1960.0,Banyule
2,u,632500.0,11.4,2.0,1.0,1.0,99.0,98.0,1965.0,Glen Eira
3,h,588000.0,11.1,3.0,1.0,1.0,328.0,118.0,1970.0,Hobsons Bay
2,u,575000.0,2.4,2.0,1.0,1.0,407.0,66.0,1960.0,Yarra
3,u,880000.0,5.2,3.0,2.0,1.0,122.0,152.0,2000.0,Moreland
2,t,1055000.0,4.6,2.0,2.0,1.0,191.0,151.0,1975.0,Boroondara
3,u,1150000.0,5.3,3.0,2.0,1.0,5259.0,119.0,2000.0,Boroondara
2,h,1080000.0,3.8,2.0,1.0,0.0,105.0,70.0,1910.0,Port Phillip
2,u,505000.0,7.5,2.0,1.0,1.0,0.0,78.0,1965.0,Boroondara
2,u,760000.0,3.5,2.0,2.0,1.0,0.0,77.0,2013.0,Port Phillip
2,u,639000.0,27.0,2.0,1.0,2.0,278.0,104.0,1980.0,Kingston
2,t,1014000.0,10.7,2.0,1.0,1.0,267.0,131.0,1990.0,Bayside
3,h,1000000.0,14.6,3.0,2.0,2.0,573.0,150.0,1970.0,Kingston
2,h,1135000.0,2.0,2.0,1.0,0.0,144.0,80.0,1880.0,Yarra
1,u,331000.0,7.0,1.0,1.0,1.0,0.0,54.0,1970.0,Maribyrnong
2,u,662500.0,2.5,2.0,1.0,1.0,0.0,75.0,2015.0,Yarra
4,h,1900000.0,11.4,4.0,2.0,2.0,700.0,210.0,1920.0,Glen Eira
4,h,478000.0,27.2,4.0,2.0,2.0,400.0,151.54,2008.0,Wyndham
2,u,478000.0,5.6,1.0,1.0,1.0,0.0,51.0,1970.0,Boroondara
3,h,1291000.0,13.4,3.0,2.0,2.0,548.0,127.0,1970.0,Whitehorse
3,h,1275000.0,13.0,3.0,1.0,4.0,758.0,138.0,1960.0,Glen Eira
3,u,1008000.0,11.4,3.0,2.0,1.0,300.0,130.0,1990.0,Glen Eira
3,h,1362000.0,13.9,3.0,1.0,2.0,798.0,132.0,1960.0,Manningham
3,h,657000.0,10.5,3.0,1.0,1.0,317.0,95.0,1950.0,Banyule
2,u,870000.0,2.5,2.0,2.0,1.0,0.0,86.0,2013.0,Yarra
3,t,815000.0,5.9,3.0,1.0,2.0,157.0,123.0,1999.0,Moreland
3,u,560000.0,12.8,3.0,1.0,2.0,352.0,102.0,2000.0,Moonee Valley
2,u,665000.0,2.8,2.0,1.0,1.0,0.0,80.0,2004.0,Melbourne
2,u,512000.0,6.4,2.0,1.0,1.0,0.0,61.0,1965.0,Darebin
3,h,386000.0,14.0,3.0,1.0,1.0,341.0,71.0,1965.0,Hume
3,u,960000.0,11.7,3.0,2.0,2.0,382.0,151.0,2000.0,Monash
1,u,336000.0,6.9,1.0,1.0,1.0,0.0,50.0,1980.0,Moonee Valley
4,t,1200000.0,16.0,4.0,2.0,2.0,304.0,183.0,2007.0,Kingston
3,t,824000.0,7.8,3.0,1.0,2.0,120.0,113.76,1990.0,Moreland
5,t,645000.0,13.0,5.0,1.0,1.0,227.0,152.0,2013.0,Moreland
2,u,706000.0,7.5,2.0,1.0,1.0,172.0,90.0,1960.0,Boroondara
3,h,1837000.0,11.2,4.0,2.0,1.0,769.0,196.0,1920.0,Stonnington
2,u,910000.0,10.1,2.0,1.0,2.0,402.0,106.0,1970.0,Glen Eira
2,u,590000.0,5.2,2.0,1.0,1.0,0.0,74.0,2004.0,Moreland
4,h,2635000.0,4.6,4.0,2.0,2.0,401.0,154.0,1910.0,Stonnington
3,h,1780000.0,8.4,3.0,2.0,2.0,580.0,146.0,1930.0,Stonnington
4,t,1250000.0,10.1,4.0,3.0,2.0,326.0,223.0,2005.0,Glen Eira
4,h,1337000.0,10.4,4.0,2.0,2.0,650.0,254.0,1955.0,Moonee Valley
2,u,611000.0,14.2,2.0,1.0,1.0,161.0,82.0,1970.0,Monash
3,t,870000.0,6.9,3.0,2.0,2.0,156.0,152.0,2000.0,Moonee Valley
2,u,410000.0,11.2,2.0,1.0,1.0,180.0,61.0,2004.0,Darebin
2,u,641000.0,3.4,2.0,1.0,1.0,72.0,90.0,1980.0,Yarra
3,u,910000.0,13.9,3.0,2.0,2.0,299.0,135.0,2001.0,Manningham
3,t,1200000.0,11.8,3.0,2.0,2.0,255.0,152.0,2000.0,Whitehorse
3,h,870000.0,9.4,3.0,1.0,4.0,559.0,560.0,1950.0,Hobsons Bay
4,h,735000.0,13.3,4.0,2.0,5.0,635.0,201.0,1975.0,Brimbank
2,u,500000.0,6.1,2.0,1.0,1.0,5530.0,70.0,2001.0,Port Phillip
2,t,720000.0,13.8,2.0,1.0,2.0,292.0,125.0,2013.0,Hobsons Bay
3,h,1631000.0,12.2,3.0,2.0,3.0,782.0,215.0,1950.0,Monash
2,t,930000.0,11.4,2.0,2.0,1.0,166.0,170.0,2009.0,Glen Eira
3,t,1253000.0,11.2,3.0,2.0,1.0,216.0,135.0,1994.0,Stonnington
4,t,1680000.0,9.2,4.0,3.0,1.0,362.0,200.0,2014.0,Boroondara
2,t,650000.0,6.4,2.0,2.0,1.0,279.0,104.0,2013.0,Maribyrnong
3,h,862000.0,18.8,3.0,2.0,2.0,246.0,3.0,2002.0,Monash
2,t,668500.0,12.0,2.0,2.0,1.0,138.0,104.63,2014.0,Darebin
3,t,802000.0,22.2,3.0,2.0,2.0,251.0,185.0,1998.0,Kingston
2,h,870000.0,3.5,2.0,1.0,0.0,107.0,64.0,1910.0,Yarra
3,u,1352500.0,11.2,2.0,2.0,1.0,280.0,110.0,1993.0,Bayside
3,h,920000.0,13.8,3.0,2.0,2.0,834.0,143.0,1975.0,Banyule
2,u,580000.0,7.5,2.0,1.0,1.0,921.0,84.0,1970.0,Moonee Valley
2,u,772000.0,11.4,2.0,1.0,2.0,0.0,100.0,1973.0,Glen Eira
2,t,595000.0,8.0,2.0,1.0,2.0,752.0,89.0,1990.0,Moonee Valley
3,h,1170000.0,13.1,3.0,1.0,1.0,755.0,95.0,1920.0,Whitehorse
2,u,526000.0,9.7,2.0,1.0,1.0,0.0,73.0,1960.0,Boroondara
2,h,590000.0,10.5,2.0,1.0,2.0,586.0,80.0,1955.0,Banyule
3,t,1250000.0,11.8,3.0,2.0,2.0,326.0,188.0,2000.0,Glen Eira
1,u,437000.0,3.2,1.0,1.0,1.0,0.0,56.0,1970.0,Yarra
3,t,1375000.0,13.0,3.0,3.0,2.0,338.0,194.0,2012.0,Glen Eira
2,u,612500.0,4.6,2.0,1.0,1.0,859.0,71.0,1960.0,Boroondara
1,u,485000.0,7.7,1.0,1.0,1.0,0.0,43.0,1970.0,Port Phillip
3,t,525000.0,11.2,3.0,1.0,1.0,194.0,133.0,2011.0,Moreland
3,u,490000.0,12.6,3.0,1.0,1.0,301.0,115.0,1950.0,Brimbank
2,t,550500.0,9.9,2.0,1.0,2.0,135.0,100.0,2012.0,Moreland
3,t,732000.0,5.6,3.0,1.0,1.0,904.0,110.0,1980.0,Boroondara
3,t,1230000.0,10.7,3.0,2.0,2.0,297.0,193.0,1980.0,Bayside
3,t,615000.0,9.2,3.0,2.0,2.0,165.0,161.0,2007.0,Maribyrnong
2,t,790000.0,11.2,2.0,2.0,1.0,208.0,127.0,2010.0,Moreland
2,t,585000.0,9.2,2.0,1.0,1.0,84.0,84.0,1960.0,Boroondara
3,h,755000.0,9.9,3.0,2.0,2.0,294.0,110.0,1950.0,Moreland
2,h,1265000.0,2.6,2.0,1.0,0.0,70.0,102.0,1890.0,Melbourne
2,u,770000.0,5.5,2.0,1.0,1.0,129.0,115.0,1975.0,Darebin
3,h,884500.0,8.7,3.0,2.0,2.0,211.0,234.0,2005.0,Maribyrnong
2,u,666000.0,4.2,2.0,1.0,2.0,1111.0,92.0,1998.0,Melbourne
2,t,585500.0,11.5,2.0,1.0,1.0,161.0,86.0,2013.0,Moreland
2,h,1900000.0,7.8,2.0,1.0,3.0,633.0,134.3,1960.0,Boroondara
3,h,876000.0,6.4,3.0,2.0,2.0,204.0,106.0,1990.0,Maribyrnong
2,t,742500.0,14.6,2.0,1.0,1.0,179.0,101.0,2001.0,Kingston
2,u,1022000.0,5.3,2.0,1.0,1.0,2267.0,104.0,1930.0,Boroondara
2,t,530000.0,11.2,2.0,1.0,1.0,0.0,106.0,2007.0,Darebin
4,t,881000.0,13.6,3.0,2.0,1.0,188.0,137.0,2014.0,Monash
2,t,490000.0,11.2,3.0,1.0,1.0,126.0,91.0,2013.0,Darebin
3,t,640000.0,7.8,3.0,1.0,2.0,119.0,109.0,1995.0,Moreland
3,u,560000.0,13.9,3.0,2.0,7.0,420.0,150.0,1970.0,Brimbank
3,h,1055000.0,6.9,3.0,2.0,2.0,0.0,189.0,2009.0,Moonee Valley
4,h,1400000.0,8.0,4.0,2.0,1.0,320.0,160.0,1950.0,Hobsons Bay
1,u,257500.0,8.5,1.0,1.0,1.0,995.0,35.0,1970.0,Moreland
4,t,985000.0,13.9,4.0,2.0,2.0,182.0,160.0,1998.0,Manningham
4,h,1646000.0,9.1,4.0,3.0,2.0,757.0,157.0,1950.0,Moonee Valley
3,t,830000.0,12.2,2.0,1.0,2.0,212.0,130.0,2012.0,Monash
3,t,1135000.0,11.2,3.0,3.0,2.0,0.0,130.0,1988.0,Stonnington
2,u,1610000.0,3.8,2.0,2.0,2.0,0.0,104.0,2007.0,Port Phillip
5,h,1415000.0,12.7,5.0,3.0,6.0,705.0,313.0,2005.0,Hobsons Bay
2,t,531000.0,11.4,2.0,1.0,1.0,83.0,89.0,1990.0,Banyule
3,t,922000.0,11.2,3.0,2.0,2.0,0.0,138.0,2000.0,Stonnington
2,h,675000.0,11.4,2.0,1.0,1.0,0.0,90.0,1968.0,Glen Eira
3,t,468000.0,13.6,3.0,2.0,2.0,178.0,138.0,2000.0,Moreland
4,h,825000.0,13.0,4.0,2.0,4.0,768.0,194.0,1970.0,Moreland
2,u,348000.0,6.9,2.0,1.0,1.0,0.0,63.0,2007.0,Moonee Valley
1,u,410000.0,4.6,1.0,1.0,1.0,0.0,51.0,1960.0,Stonnington
3,t,861000.0,17.9,3.0,2.0,2.0,305.0,130.0,2000.0,Kingston
1,u,659000.0,2.8,1.0,1.0,1.0,0.0,59.0,2006.0,Melbourne
2,t,660000.0,8.8,2.0,1.0,1.0,113.0,90.0,2013.0,Darebin
2,u,425500.0,4.3,2.0,1.0,1.0,1727.0,82.0,1960.0,Moonee Valley
2,t,380000.0,14.5,2.0,1.0,1.0,161.0,100.0,2010.0,Brimbank
3,t,1237000.0,8.7,3.0,2.0,2.0,0.0,135.0,1990.0,Glen Eira
2,u,725000.0,13.0,2.0,1.0,1.0,0.0,115.0,2006.0,Glen Eira
4,t,1325000.0,13.9,4.0,4.0,2.0,363.0,265.0,2012.0,Glen Eira
3,h,1816000.0,10.3,3.0,1.0,2.0,846.0,180.0,1955.0,Banyule
3,t,840000.0,11.2,3.0,2.0,2.0,374.0,180.0,1990.0,Moonee Valley
3,t,620000.0,8.2,3.0,1.0,2.0,255.0,148.0,2001.0,Maribyrnong
2,u,491000.0,11.2,2.0,1.0,1.0,168.0,93.0,1970.0,Darebin
2,u,635000.0,4.6,2.0,1.0,1.0,2679.0,78.0,1960.0,Boroondara
4,h,1615000.0,14.0,4.0,2.0,2.0,537.0,199.0,1920.0,Monash
3,h,1540000.0,5.1,3.0,2.0,1.0,138.0,147.0,2000.0,Stonnington
3,h,1102000.0,7.9,3.0,1.0,1.0,597.0,115.0,1950.0,Banyule
1,u,420000.0,2.7,1.0,1.0,1.0,0.0,43.0,1960.0,Stonnington
3,h,2105000.0,7.8,3.0,1.0,2.0,692.0,164.0,1940.0,Boroondara
2,t,807000.0,7.8,2.0,2.0,1.0,0.0,176.0,2010.0,Moreland
2,u,687500.0,7.7,2.0,1.0,1.0,0.0,69.0,1930.0,Port Phillip
3,h,2200000.0,9.2,3.0,1.0,2.0,700.0,142.0,1930.0,Boroondara
2,u,525500.0,9.3,2.0,1.0,1.0,831.0,80.0,1970.0,Glen Eira
3,h,601200.0,12.8,4.0,1.0,1.0,554.0,147.0,1960.0,Moonee Valley
2,u,610250.0,1.8,2.0,1.0,1.0,0.0,72.0,1994.0,Melbourne
3,h,765000.0,10.8,3.0,1.0,1.0,658.0,105.0,1960.0,Maribyrnong
2,u,667000.0,7.8,2.0,1.0,1.0,83.0,81.0,1960.0,Boroondara
2,u,545000.0,5.9,2.0,1.0,2.0,194.0,71.0,1900.0,Moonee Valley
2,h,1283000.0,4.5,2.0,1.0,1.0,263.0,109.0,1910.0,Moreland
3,h,805000.0,11.2,3.0,1.0,2.0,227.0,118.0,1930.0,Darebin
2,t,570000.0,8.7,3.0,1.0,2.0,98.0,128.0,2009.0,Maribyrnong
4,t,1042500.0,13.6,4.0,3.0,2.0,209.0,160.0,2016.0,Monash
3,t,1310000.0,11.8,3.0,2.0,2.0,330.0,148.0,2001.0,Whitehorse
3,h,6250000.0,4.6,3.0,3.0,2.0,564.0,342.0,2000.0,Stonnington
2,t,635000.0,7.8,2.0,1.0,1.0,97.0,95.0,2014.0,Moreland
4,h,1928000.0,2.6,4.0,1.0,0.0,194.0,186.0,1890.0,Melbourne
2,u,353000.0,4.3,2.0,1.0,1.0,4977.0,79.0,2000.0,Maribyrnong
3,u,580000.0,12.8,3.0,2.0,2.0,112.0,138.0,2013.0,Moonee Valley
3,u,740000.0,12.3,3.0,1.0,1.0,211.0,90.0,2004.0,Monash
2,t,650000.0,11.2,2.0,2.0,1.0,0.0,120.0,2015.0,Stonnington
2,t,500000.0,7.4,2.0,1.0,1.0,0.0,54.0,1970.0,Stonnington
2,u,615000.0,5.0,2.0,1.0,1.0,1123.0,84.0,1920.0,Port Phillip
3,u,1135000.0,16.7,3.0,2.0,2.0,328.0,152.0,1980.0,Monash
2,u,525000.0,10.3,2.0,1.0,1.0,79.0,70.0,1970.0,Banyule
4,t,975000.0,17.2,4.0,2.0,2.0,0.0,207.0,2008.0,Whitehorse
2,u,760000.0,6.1,2.0,1.0,0.0,0.0,95.0,1930.0,Port Phillip
3,u,872000.0,8.0,3.0,1.0,1.0,862.0,135.0,1970.0,Moonee Valley
1,u,357000.0,7.7,1.0,1.0,1.0,0.0,50.0,1965.0,Port Phillip
2,u,493000.0,11.2,2.0,1.0,2.0,201.0,201.0,2000.0,Moreland
3,t,805000.0,21.5,3.0,2.0,2.0,0.0,164.0,2006.0,Kingston
3,h,1074000.0,2.6,3.0,1.0,0.0,245.0,140.0,1900.0,Yarra
3,h,900000.0,12.8,3.0,1.0,1.0,713.0,127.0,1970.0,Moonee Valley
2,t,575000.0,12.0,2.0,2.0,1.0,151.0,102.0,2015.0,Darebin
3,t,730000.0,6.2,3.0,2.0,2.0,340.0,135.0,2000.0,Hobsons Bay
3,u,850000.0,14.3,3.0,2.0,1.0,236.0,145.0,1980.0,Manningham
3,t,820000.0,12.3,3.0,2.0,1.0,200.0,130.0,2013.0,Monash
3,h,823000.0,13.9,3.0,2.0,2.0,213.0,143.0,2003.0,Glen Eira
3,t,1620000.0,7.5,3.0,2.0,2.0,248.0,167.0,2012.0,Boroondara
2,u,600000.0,17.3,2.0,1.0,1.0,0.0,74.0,1960.0,Bayside
2,u,720000.0,7.2,2.0,1.0,2.0,797.0,90.0,1920.0,Port Phillip
2,u,535000.0,4.1,2.0,1.0,1.0,760.0,58.0,1930.0,Port Phillip
3,t,631000.0,9.2,3.0,1.0,1.0,178.0,120.0,2012.0,Moreland
4,h,890000.0,24.8,4.0,2.0,2.0,659.0,177.0,1992.0,Knox
2,u,890000.0,10.3,2.0,1.0,2.0,275.0,106.0,1970.0,Bayside
2,u,485000.0,13.4,2.0,1.0,1.0,0.0,55.0,1960.0,Whitehorse
3,h,1500000.0,3.4,3.0,1.0,1.0,230.0,127.0,1900.0,Yarra
3,h,695000.0,12.9,3.0,1.0,2.0,676.0,121.0,1980.0,Hume
3,h,815000.0,11.1,3.0,2.0,3.0,555.0,130.0,1960.0,Hobsons Bay
3,h,910000.0,11.1,3.0,1.0,3.0,535.0,132.0,1970.0,Hobsons Bay
4,t,1367000.0,10.7,4.0,2.0,2.0,315.0,4.0,2000.0,Bayside
3,t,940000.0,5.2,3.0,2.0,1.0,186.0,140.0,2016.0,Moreland
3,t,955000.0,5.2,3.0,2.0,2.0,327.0,110.0,2007.0,Moreland
4,h,2000000.0,11.7,4.0,3.0,2.0,928.0,229.0,1996.0,Whitehorse
4,t,841000.0,6.4,4.0,2.0,2.0,250.0,160.0,2000.0,Maribyrnong
3,h,965000.0,6.6,3.0,1.0,0.0,217.0,104.0,1910.0,Maribyrnong
3,h,800000.0,22.2,3.0,2.0,4.0,801.0,150.0,1980.0,Kingston
2,t,636500.0,10.4,2.0,1.0,1.0,0.0,68.0,1970.0,Glen Eira
4,h,1998000.0,9.2,4.0,2.0,1.0,739.0,183.0,2002.0,Boroondara
4,h,3600000.0,8.4,4.0,3.0,2.0,552.0,355.0,2015.0,Stonnington
3,u,700000.0,8.0,3.0,1.0,1.0,227.0,120.0,2005.0,Moonee Valley
3,u,960000.0,11.8,3.0,2.0,2.0,199.0,167.0,1995.0,Glen Eira
1,u,420000.0,1.6,1.0,1.0,1.0,782.0,42.0,1975.0,Yarra
3,h,1679000.0,4.5,3.0,2.0,0.0,326.0,118.0,1920.0,Moreland
5,h,1172000.0,9.2,5.0,3.0,2.0,425.0,37.0,2014.0,Moreland
2,u,610000.0,11.2,2.0,1.0,1.0,0.0,75.0,2005.0,Bayside
3,t,900000.0,8.4,3.0,2.0,2.0,575.0,128.0,2017.0,Hobsons Bay
3,h,1211000.0,13.8,3.0,2.0,2.0,875.0,123.0,1970.0,Manningham
3,u,710000.0,4.5,2.0,1.0,1.0,0.0,114.0,1900.0,Stonnington
3,h,1310000.0,5.2,3.0,1.0,1.0,302.0,91.0,1910.0,Moreland
2,u,879000.0,17.3,2.0,1.0,1.0,0.0,88.0,1970.0,Bayside
2,u,605000.0,5.5,2.0,1.0,2.0,0.0,65.0,2000.0,Darebin
2,h,999000.0,9.9,2.0,1.0,1.0,587.0,95.0,1920.0,Moreland
3,t,627000.0,11.2,3.0,2.0,2.0,0.0,139.0,2013.0,Moreland
3,h,1255000.0,5.5,3.0,2.0,1.0,259.0,156.0,1910.0,Darebin
2,u,685000.0,6.1,2.0,2.0,2.0,0.0,102.0,1999.0,Port Phillip
3,h,1121000.0,8.8,3.0,2.0,3.0,604.0,123.0,1925.0,Darebin
4,t,1210000.0,13.9,3.0,3.0,2.0,291.0,222.0,2014.0,Glen Eira
3,u,1770000.0,1.8,3.0,2.0,1.0,2431.0,70.0,1999.0,Melbourne
4,u,540000.0,12.4,4.0,2.0,3.0,209.0,120.0,1960.0,Moreland
4,t,607000.0,13.0,4.0,3.0,2.0,0.0,131.0,2014.0,Moreland
2,t,876000.0,6.7,2.0,2.0,1.0,134.0,100.0,2014.0,Moreland
3,u,651000.0,11.5,3.0,2.0,2.0,198.0,113.0,2009.0,Moreland
3,h,1381500.0,5.9,3.0,2.0,2.0,416.0,168.0,1900.0,Moonee Valley
3,t,765000.0,11.0,3.0,2.0,2.0,200.0,139.0,2007.0,Hobsons Bay
4,t,840000.0,7.7,3.0,3.0,2.0,278.0,277.0,2015.0,Hobsons Bay
3,h,1306000.0,4.3,3.0,1.0,0.0,199.0,126.0,1900.0,Moonee Valley
3,t,560000.0,8.6,3.0,1.0,1.0,158.0,137.0,2002.0,Maribyrnong
3,h,1150000.0,3.8,3.0,2.0,1.0,0.0,134.0,1990.0,Port Phillip
4,t,828000.0,8.9,4.0,2.0,2.0,264.0,140.0,2000.0,Banyule
1,u,441000.0,6.2,1.0,1.0,0.0,0.0,50.0,1960.0,Boroondara
3,t,1582000.0,2.6,3.0,3.0,2.0,119.0,184.0,2005.0,Yarra
2,t,750000.0,4.2,2.0,1.0,1.0,325.0,112.0,2002.0,Melbourne
2,t,1010000.0,2.5,2.0,1.0,1.0,151.0,151.0,1998.0,Yarra
2,u,630000.0,7.2,2.0,1.0,1.0,637.0,73.0,1970.0,Port Phillip
2,u,760000.0,15.2,2.0,1.0,1.0,0.0,82.0,1970.0,Bayside
1,u,362000.0,6.2,1.0,1.0,1.0,0.0,55.0,2015.0,Moonee Valley
4,h,921500.0,5.9,3.0,1.0,1.0,575.0,165.0,1930.0,Moreland
2,u,575000.0,5.2,2.0,1.0,1.0,0.0,66.0,1950.0,Moreland
4,t,1280000.0,11.4,4.0,3.0,2.0,306.0,200.0,2014.0,Glen Eira
3,h,998000.0,4.5,3.0,1.0,2.0,104.0,118.0,2000.0,Moreland
3,t,822500.0,13.1,3.0,2.0,1.0,238.0,130.0,2000.0,Whitehorse
3,t,545000.0,13.0,3.0,2.0,1.0,136.0,130.0,2014.0,Moreland
2,u,805000.0,5.3,2.0,1.0,1.0,0.0,84.0,1965.0,Boroondara
5,h,1350000.0,9.2,5.0,3.0,2.0,527.0,358.0,2009.0,Maribyrnong
2,u,1645000.0,1.6,4.0,1.0,3.0,0.0,2.0,1890.0,Yarra
3,t,900000.0,5.5,3.0,2.0,2.0,608.0,138.0,2012.0,Darebin
3,t,1150000.0,9.2,3.0,2.0,1.0,207.0,144.0,2003.0,Boroondara
2,u,640000.0,20.0,2.0,1.0,1.0,128.0,72.0,1972.0,Kingston
3,h,720000.0,9.2,3.0,1.0,2.0,499.0,105.0,1970.0,Moreland
4,t,680000.0,7.8,4.0,2.0,1.0,3747.0,143.0,2006.0,Moreland
3,u,422500.0,12.4,3.0,2.0,1.0,195.0,91.0,2000.0,Moreland
3,u,830000.0,5.1,3.0,2.0,2.0,0.0,112.0,2000.0,Stonnington
3,h,612500.0,9.9,3.0,1.0,1.0,522.0,132.0,1950.0,Moreland
2,h,1035000.0,5.5,2.0,1.0,2.0,243.0,102.0,1890.0,Darebin
2,u,765000.0,7.7,2.0,1.0,0.0,0.0,88.0,1940.0,Port Phillip
4,h,1540000.0,10.2,4.0,2.0,3.0,668.0,205.0,1970.0,Monash
2,t,598000.0,7.8,2.0,1.0,1.0,108.0,100.0,2007.0,Moreland
2,u,520000.0,7.4,2.0,1.0,1.0,0.0,74.0,1971.0,Port Phillip
2,t,760000.0,9.7,2.0,1.0,1.0,121.0,100.0,1960.0,Boroondara
4,h,1530000.0,10.7,2.0,2.0,1.0,603.0,177.0,1920.0,Bayside
3,h,780000.0,11.4,3.0,1.0,2.0,627.0,154.0,1970.0,Banyule
3,t,575000.0,10.5,3.0,1.0,2.0,192.0,91.0,1995.0,Banyule
3,h,1425000.0,9.2,3.0,2.0,2.0,217.0,163.0,2006.0,Boroondara
2,u,451000.0,7.8,2.0,1.0,1.0,0.0,72.0,1970.0,Moreland
2,t,510000.0,9.9,2.0,1.0,1.0,110.0,91.0,2013.0,Moreland
2,u,435000.0,6.4,2.0,2.0,1.0,0.0,96.0,2017.0,Maribyrnong
4,h,1300000.0,11.8,4.0,2.0,2.0,744.0,300.0,1985.0,Manningham
3,u,670000.0,6.9,3.0,2.0,2.0,0.0,120.0,2000.0,Moonee Valley
3,t,950000.0,17.9,3.0,3.0,2.0,160.0,149.0,2013.0,Bayside
4,u,774000.0,15.5,4.0,2.0,2.0,0.0,147.0,2000.0,Monash
3,t,1680000.0,9.7,3.0,3.0,1.0,329.0,178.0,2005.0,Boroondara
3,h,1601000.0,9.2,3.0,1.0,2.0,453.0,102.0,1930.0,Boroondara
2,u,520000.0,23.2,2.0,1.0,1.0,418.0,76.0,1970.0,Knox
5,h,3690000.0,9.2,4.0,4.0,2.0,624.0,154.0,1967.0,Boroondara
2,u,465000.0,13.0,2.0,1.0,1.0,176.0,89.0,2012.0,Moreland
2,u,415000.0,11.4,2.0,1.0,1.0,0.0,64.0,1970.0,Glen Eira
3,u,616000.0,6.1,2.0,2.0,2.0,0.0,115.0,1995.0,Port Phillip
2,u,615000.0,11.4,2.0,1.0,1.0,190.0,105.0,1980.0,Banyule
2,u,519500.0,7.3,2.0,1.0,1.0,1101.0,73.0,1970.0,Stonnington
3,h,855000.0,5.2,3.0,1.0,1.0,229.0,97.0,1930.0,Moreland
3,t,770000.0,11.5,3.0,2.0,2.0,272.0,138.0,2012.0,Moreland
2,u,1080000.0,5.3,2.0,2.0,2.0,6996.0,136.0,2000.0,Boroondara
3,h,1100000.0,6.4,3.0,2.0,3.0,380.0,106.4,1945.0,Maribyrnong
3,t,805000.0,4.5,2.0,1.0,1.0,0.0,114.0,2003.0,Moreland
2,h,1110000.0,12.2,2.0,1.0,1.0,586.0,86.0,1950.0,Monash
3,h,495000.0,31.7,3.0,2.0,2.0,563.0,150.0,1994.0,Hume
2,u,626000.0,8.5,2.0,1.0,1.0,1764.0,100.0,1930.0,Glen Eira
3,h,940000.0,4.4,3.0,1.0,1.0,320.0,110.0,1940.0,Moonee Valley
2,u,696750.0,7.2,2.0,1.0,1.0,0.0,83.0,1930.0,Port Phillip
3,h,765000.0,13.8,3.0,1.0,2.0,608.0,138.0,1975.0,Banyule
2,u,820000.0,11.2,2.0,2.0,1.0,0.0,104.0,2013.0,Stonnington
3,u,735000.0,7.5,2.0,1.0,1.0,0.0,95.0,1970.0,Boroondara
2,u,600000.0,9.2,2.0,1.0,1.0,0.0,80.0,1960.0,Stonnington
3,t,911000.0,2.6,3.0,2.0,1.0,0.0,110.0,2000.0,Yarra
2,u,1211000.0,11.2,2.0,1.0,1.0,259.0,99.0,1970.0,Stonnington
3,t,1035000.0,7.2,3.0,2.0,2.0,0.0,111.0,2010.0,Port Phillip
3,t,1295000.0,6.1,3.0,2.0,2.0,0.0,200.0,2000.0,Port Phillip
2,u,623000.0,13.0,2.0,1.0,1.0,101.0,90.0,1970.0,Monash
3,t,1100000.0,13.7,3.0,2.0,1.0,355.0,140.0,1987.0,Bayside
3,h,1125000.0,13.0,3.0,1.0,2.0,584.0,116.0,1948.0,Glen Eira
3,t,1250000.0,3.3,3.0,2.0,1.0,80.0,118.0,2003.0,Stonnington
3,t,808000.0,11.4,3.0,1.0,1.0,111.0,116.0,1998.0,Glen Eira
3,h,505000.0,18.4,3.0,1.0,1.0,663.0,142.0,1995.0,Wyndham
3,h,551000.0,14.5,3.0,1.0,0.0,610.0,121.0,1955.0,Hume
2,h,1025000.0,4.1,2.0,1.0,0.0,123.0,73.0,1910.0,Port Phillip
4,t,1655000.0,10.2,4.0,3.0,2.0,510.0,240.0,2013.0,Boroondara
2,u,785000.0,1.8,2.0,2.0,1.0,0.0,95.0,2008.0,Melbourne
3,h,940000.0,12.6,3.0,2.0,2.0,572.0,190.0,1950.0,Brimbank
3,h,1716000.0,11.4,2.0,2.0,1.0,817.0,130.0,1925.0,Glen Eira
2,u,825000.0,7.7,2.0,1.0,2.0,0.0,86.0,1930.0,Port Phillip
3,t,1130000.0,6.9,3.0,2.0,2.0,217.0,145.0,2013.0,Moonee Valley
2,u,475000.0,10.6,2.0,1.0,2.0,247.0,68.0,1974.0,Banyule
2,u,410000.0,5.2,2.0,1.0,1.0,0.0,66.0,2000.0,Moreland
3,t,2100000.0,11.2,3.0,2.0,4.0,0.0,145.0,1970.0,Bayside
5,h,1475000.0,12.3,5.0,2.0,3.0,548.0,157.0,1920.0,Monash
2,t,1255000.0,9.7,2.0,1.0,1.0,208.0,129.0,2000.0,Boroondara
4,h,1830000.0,11.4,3.0,2.0,2.0,687.0,237.0,1983.0,Glen Eira
3,h,679500.0,12.6,3.0,1.0,1.0,351.0,125.0,2002.0,Brimbank
2,u,530000.0,13.5,2.0,1.0,1.0,120.0,94.0,2012.0,Moonee Valley
3,h,840000.0,16.1,3.0,1.0,2.0,509.0,120.0,2000.0,Banyule
2,u,635000.0,9.7,2.0,1.0,1.0,0.0,70.0,2014.0,Boroondara
3,h,970000.0,9.2,3.0,1.0,2.0,575.0,129.0,1960.0,Moreland
3,h,930000.0,6.4,3.0,1.0,4.0,545.0,116.0,1940.0,Maribyrnong
3,h,575000.0,14.5,3.0,1.0,1.0,338.0,107.0,1960.0,Brimbank
2,t,521000.0,12.0,2.0,1.0,1.0,0.0,94.0,2009.0,Darebin
1,u,330000.0,3.5,1.0,1.0,1.0,0.0,32.0,1970.0,Yarra
3,u,777000.0,15.4,3.0,2.0,2.0,239.0,113.0,2014.0,Whitehorse
2,t,710000.0,1.6,2.0,1.0,1.0,0.0,90.0,2002.0,Yarra
2,t,495000.0,11.2,2.0,1.0,1.0,96.0,73.0,2013.0,Darebin
2,h,970000.0,1.8,2.0,1.0,0.0,102.0,66.0,1900.0,Melbourne
4,t,821000.0,6.4,4.0,3.0,2.0,294.0,151.0,2014.0,Maribyrnong
3,t,855000.0,7.9,3.0,2.0,2.0,0.0,130.0,1980.0,Banyule
6,h,5525000.0,6.3,5.0,3.0,4.0,1491.0,516.0,1935.0,Stonnington
3,t,920000.0,16.1,3.0,2.0,2.0,239.0,187.0,2007.0,Manningham
2,u,452000.0,13.9,2.0,1.0,1.0,67.0,68.0,1975.0,Manningham
2,u,585000.0,4.3,2.0,2.0,2.0,37000.0,90.0,2004.0,Maribyrnong
4,h,2265000.0,7.9,4.0,2.0,2.0,925.0,208.0,1925.0,Banyule
3,h,787000.0,11.2,3.0,1.0,1.0,563.0,118.0,1940.0,Darebin
3,h,1130000.0,7.8,3.0,1.0,3.0,206.0,80.0,1945.0,Moreland
2,t,408000.0,8.7,2.0,1.0,1.0,85.0,84.0,1980.0,Maribyrnong
2,u,642500.0,0.7,2.0,1.0,1.0,8888.0,77.0,1994.0,Melbourne
3,t,720000.0,8.0,3.0,1.0,2.0,190.0,142.0,1999.0,Moonee Valley
2,t,731000.0,12.4,2.0,1.0,1.0,217.0,115.0,2005.0,Manningham
2,t,600000.0,9.2,2.0,2.0,1.0,145.0,112.0,2012.0,Maribyrnong
3,h,988000.0,17.2,3.0,1.0,1.0,653.0,119.0,1970.0,Whitehorse
5,h,2930000.0,9.0,5.0,3.0,4.0,645.0,222.0,2005.0,Boroondara
3,h,1551000.0,4.6,3.0,1.0,1.0,199.0,103.0,1890.0,Boroondara
3,h,2415000.0,7.4,3.0,1.0,3.0,696.0,128.0,1910.0,Stonnington
2,u,510000.0,3.1,2.0,1.0,1.0,75.0,66.0,2007.0,Melbourne
2,t,1037000.0,11.2,2.0,1.0,2.0,125.0,2.0,2009.0,Bayside
4,h,903000.0,13.8,4.0,1.0,2.0,618.0,22.0,1960.0,Manningham
2,t,945000.0,1.6,2.0,1.0,1.0,15900.0,98.0,1880.0,Yarra
4,h,856000.0,10.5,4.0,1.0,2.0,722.0,208.0,1975.0,Banyule
2,t,416000.0,11.2,2.0,1.0,1.0,159.0,70.0,2000.0,Darebin
3,u,545000.0,13.5,3.0,2.0,1.0,240.0,131.0,2011.0,Brimbank
3,h,750000.0,12.3,3.0,2.0,2.0,321.0,87.0,2005.0,Monash
2,t,495000.0,31.2,2.0,1.0,1.0,198.0,94.0,1980.0,Kingston
3,t,700000.0,13.5,3.0,2.0,2.0,239.0,134.0,2009.0,Moonee Valley
1,u,380500.0,14.6,1.0,1.0,1.0,106.0,51.0,1990.0,Kingston
3,t,642500.0,12.0,3.0,2.0,2.0,160.0,140.0,2010.0,Darebin
3,h,583500.0,10.5,3.0,1.0,1.0,672.0,110.0,1970.0,Brimbank
3,t,663000.0,6.4,3.0,2.0,2.0,244.0,129.0,2010.0,Hobsons Bay
2,u,450000.0,11.4,2.0,1.0,1.0,0.0,72.0,1970.0,Glen Eira
2,u,1260000.0,7.7,2.0,2.0,2.0,626.0,125.0,2008.0,Port Phillip
3,h,991000.0,11.2,3.0,1.0,1.0,716.0,139.0,1950.0,Moonee Valley
2,u,491500.0,8.0,2.0,1.0,1.0,0.0,61.0,1970.0,Hobsons Bay
2,u,480000.0,11.2,2.0,2.0,1.0,145.0,145.0,2010.0,Darebin
3,t,1110000.0,11.2,4.0,2.0,2.0,401.0,129.0,1970.0,Whitehorse
4,t,820000.0,8.4,4.0,2.0,2.0,753.0,204.0,2006.0,Hobsons Bay
2,u,672000.0,5.6,2.0,1.0,1.0,0.0,77.0,1966.0,Boroondara
4,h,2640000.0,11.2,4.0,2.0,2.0,848.0,246.0,1975.0,Bayside
3,t,1460000.0,8.0,3.0,2.0,2.0,506.0,180.0,2010.0,Hobsons Bay
3,t,1052000.0,2.6,3.0,1.0,2.0,0.0,100.0,2010.0,Yarra
2,u,600000.0,6.9,2.0,1.0,1.0,166.0,81.0,1965.0,Moonee Valley
3,t,887500.0,1.6,3.0,2.0,1.0,81.0,82.0,2000.0,Yarra
4,h,1350500.0,12.6,4.0,1.0,0.0,726.0,181.0,1940.0,Brimbank
2,u,336000.0,11.2,2.0,1.0,1.0,99.0,67.0,1970.0,Darebin
2,u,535000.0,2.8,2.0,1.0,1.0,0.0,84.0,2001.0,Melbourne
2,t,678000.0,13.8,2.0,1.0,1.0,340.0,90.0,1980.0,Manningham
2,t,600000.0,11.5,2.0,1.0,1.0,161.0,112.0,2015.0,Moreland
1,u,365000.0,11.4,1.0,1.0,1.0,0.0,48.0,1960.0,Glen Eira
2,h,1135000.0,2.5,2.0,2.0,2.0,98.0,128.0,1920.0,Yarra
1,u,455000.0,5.3,1.0,1.0,1.0,0.0,49.0,1960.0,Boroondara
2,u,656000.0,11.4,2.0,1.0,1.0,103.0,82.0,1970.0,Glen Eira
2,u,502000.0,12.8,5.0,1.0,2.0,0.0,85.0,1990.0,Moonee Valley
3,t,1320000.0,4.6,3.0,2.0,1.0,3.0,131.0,1970.0,Stonnington
2,t,755000.0,7.4,2.0,2.0,1.0,66.0,111.0,2005.0,Port Phillip
4,h,1218000.0,23.3,4.0,2.0,2.0,900.0,281.0,1994.0,Knox
2,u,485000.0,8.4,2.0,1.0,1.0,0.0,65.0,2011.0,Hobsons Bay
2,t,610000.0,11.2,2.0,1.0,1.0,182.0,112.0,2015.0,Moreland
2,u,750000.0,2.6,2.0,2.0,1.0,0.0,104.0,2000.0,Yarra
3,t,1205000.0,6.3,3.0,2.0,2.0,101.0,105.0,2000.0,Stonnington
4,h,930000.0,8.8,4.0,2.0,2.0,604.0,180.0,1920.0,Darebin
4,h,1235000.0,11.8,4.0,2.0,2.0,556.0,214.0,1957.0,Manningham
2,u,665000.0,4.5,2.0,1.0,1.0,0.0,96.0,1940.0,Moreland
2,u,820000.0,13.0,2.0,1.0,3.0,336.0,109.0,1960.0,Glen Eira
3,t,746000.0,13.9,3.0,2.0,2.0,118.0,106.0,2013.0,Manningham
2,u,655000.0,4.6,2.0,1.0,1.0,1816.0,105.0,1960.0,Stonnington
4,h,706000.0,14.0,4.0,1.0,4.0,752.0,115.0,1960.0,Hume
3,t,967000.0,3.4,3.0,2.0,2.0,0.0,120.0,1999.0,Melbourne
3,t,918000.0,10.4,3.0,2.0,1.0,207.0,144.0,2012.0,Monash
1,u,305000.0,11.4,1.0,1.0,1.0,0.0,46.0,1960.0,Glen Eira
3,t,962000.0,8.4,3.0,2.0,2.0,283.0,179.0,2011.0,Hobsons Bay
2,u,515000.0,8.8,2.0,1.0,1.0,187.0,60.0,2005.0,Darebin
3,t,828000.0,13.0,3.0,2.0,1.0,206.0,118.0,2002.0,Monash
3,h,905000.0,9.7,3.0,1.0,2.0,281.0,150.0,1995.0,Boroondara
2,t,475000.0,10.8,2.0,1.0,1.0,115.0,104.0,1980.0,Maribyrnong
1,u,465000.0,3.4,1.0,1.0,1.0,0.0,45.0,1970.0,Yarra
2,u,705000.0,1.8,2.0,1.0,1.0,0.0,70.0,2000.0,Melbourne
4,h,1345000.0,5.9,4.0,1.0,1.0,552.0,155.0,1920.0,Moonee Valley
3,h,1115000.0,2.6,3.0,2.0,2.0,129.0,120.0,1980.0,Yarra
2,h,920000.0,9.2,2.0,1.0,2.0,334.0,115.0,1930.0,Stonnington
2,u,695000.0,2.6,2.0,1.0,2.0,0.0,68.0,1997.0,Yarra
2,h,1225000.0,9.3,2.0,1.0,2.0,284.0,99.0,1940.0,Glen Eira
3,t,1235000.0,13.0,3.0,2.0,2.0,0.0,160.0,2012.0,Glen Eira
1,u,420000.0,5.3,1.0,1.0,1.0,0.0,47.0,2004.0,Boroondara
3,u,752000.0,13.5,3.0,1.0,1.0,265.0,130.0,1993.0,Moonee Valley
3,t,816000.0,14.3,3.0,1.0,2.0,0.0,121.0,2010.0,Manningham
4,h,2310000.0,10.7,4.0,2.0,2.0,757.0,130.0,1930.0,Bayside
2,u,600000.0,5.1,2.0,1.0,1.0,0.0,83.0,1970.0,Port Phillip
2,h,468000.0,6.4,2.0,1.0,2.0,312.0,89.0,1990.0,Maribyrnong
2,u,834500.0,7.2,2.0,1.0,2.0,538.0,92.0,2005.0,Glen Eira
2,u,902000.0,7.2,2.0,1.0,0.0,702.0,86.0,1940.0,Port Phillip
3,t,830000.0,6.7,3.0,2.0,2.0,275.0,142.0,2008.0,Moreland
3,t,1101000.0,6.3,3.0,1.0,2.0,103.0,3.0,2000.0,Stonnington
3,h,910000.0,6.4,3.0,1.0,1.0,361.0,118.0,1940.0,Maribyrnong
3,u,1189000.0,4.6,3.0,1.0,1.0,181.0,122.0,1969.0,Boroondara
3,t,956000.0,10.1,3.0,2.0,1.0,137.0,137.0,1994.0,Glen Eira
2,u,840000.0,3.3,2.0,2.0,1.0,0.0,92.0,2002.0,Stonnington
1,u,312000.0,5.2,1.0,1.0,1.0,406.0,40.0,1970.0,Moreland
2,t,715000.0,8.8,2.0,1.0,1.0,132.0,121.0,2009.0,Darebin
2,h,1110000.0,5.2,2.0,1.0,0.0,196.0,101.0,1922.0,Moreland
3,h,1005000.0,7.0,3.0,1.0,1.0,438.0,115.0,1960.0,Maribyrnong
2,h,895000.0,8.5,2.0,1.0,1.0,147.0,81.0,1915.0,Glen Eira
3,t,492000.0,12.4,3.0,1.0,1.0,208.0,107.0,2011.0,Moreland
3,t,1051000.0,20.0,3.0,2.0,2.0,435.0,141.0,1980.0,Kingston
2,h,1075000.0,3.4,2.0,1.0,1.0,174.0,85.0,1890.0,Yarra
5,h,4400000.0,6.1,5.0,4.0,4.0,657.0,312.0,1900.0,Port Phillip
3,u,746000.0,11.7,3.0,1.0,2.0,308.0,92.0,1995.0,Whitehorse
4,h,845000.0,13.8,4.0,1.0,2.0,745.0,130.0,1950.0,Hobsons Bay
3,t,640000.0,23.2,3.0,2.0,1.0,187.0,125.0,2010.0,Knox
4,h,855333.0,11.5,4.0,1.0,2.0,694.0,183.0,1974.0,Moreland
2,t,650000.0,8.8,2.0,1.0,1.0,140.0,107.0,2013.0,Banyule
2,t,652000.0,11.2,2.0,2.0,2.0,254.0,93.0,2007.0,Darebin
3,h,1305000.0,12.2,3.0,1.0,1.0,760.0,120.0,1960.0,Monash
2,t,600000.0,9.2,2.0,1.0,1.0,145.0,105.0,2010.0,Moreland
2,u,598000.0,6.3,2.0,1.0,1.0,0.0,88.0,1970.0,Stonnington
5,h,3075000.0,13.7,3.0,2.0,2.0,830.0,204.0,1901.0,Bayside
3,h,935000.0,13.0,3.0,1.0,2.0,666.0,176.0,1960.0,Moreland
3,u,480000.0,6.4,3.0,1.0,1.0,0.0,90.0,1985.0,Maribyrnong
2,t,705000.0,10.6,2.0,1.0,1.0,182.0,110.0,1973.0,Banyule
3,h,1440000.0,6.9,3.0,2.0,1.0,287.0,196.0,1880.0,Moonee Valley
3,u,970000.0,13.8,3.0,2.0,2.0,0.0,99.0,2005.0,Bayside
2,t,750000.0,3.5,2.0,2.0,2.0,0.0,95.0,2002.0,Yarra
2,u,575000.0,6.1,2.0,2.0,1.0,0.0,78.0,2013.0,Port Phillip
2,t,735000.0,5.9,2.0,1.0,2.0,120.0,109.0,2004.0,Moreland
2,u,695000.0,16.1,2.0,2.0,1.0,208.0,107.0,2000.0,Banyule
2,t,960000.0,6.5,2.0,2.0,2.0,158.0,133.0,2007.0,Darebin
2,u,465000.0,8.0,2.0,1.0,1.0,0.0,78.0,1970.0,Hobsons Bay
2,t,738000.0,8.9,2.0,1.0,2.0,154.0,107.0,1985.0,Banyule
3,h,2300000.0,2.1,3.0,2.0,2.0,0.0,260.0,1877.0,Port Phillip
2,u,665500.0,2.3,2.0,2.0,1.0,0.0,96.0,2012.0,Melbourne
5,h,1915000.0,10.7,5.0,2.0,0.0,645.0,238.0,1970.0,Bayside
1,u,370500.0,6.1,1.0,1.0,1.0,0.0,46.0,1960.0,Port Phillip
4,h,1751000.0,10.8,4.0,3.0,4.0,646.0,320.0,1998.0,Manningham
2,u,562000.0,11.4,2.0,1.0,1.0,0.0,88.0,1970.0,Glen Eira
2,t,505000.0,12.1,2.0,1.0,2.0,90.0,90.0,1995.0,Darebin
1,u,375000.0,6.4,1.0,1.0,1.0,0.0,50.0,1920.0,Maribyrnong
4,h,2376000.0,9.2,4.0,2.0,2.0,652.0,230.0,1925.0,Boroondara
3,h,1465000.0,7.9,3.0,1.0,2.0,630.0,126.0,1960.0,Banyule
2,h,675000.0,13.5,2.0,1.0,1.0,612.0,100.0,1975.0,Moonee Valley
2,u,471000.0,5.9,2.0,1.0,1.0,564.0,60.0,1970.0,Moreland
2,u,475000.0,11.8,2.0,1.0,1.0,0.0,52.0,2011.0,Glen Eira
1,u,442500.0,3.3,1.0,1.0,0.0,0.0,34.0,1970.0,Port Phillip
2,u,300000.0,11.2,2.0,1.0,1.0,87.0,62.0,1970.0,Darebin
2,u,535000.0,1.6,2.0,1.0,1.0,0.0,63.0,1970.0,Yarra
4,h,4011000.0,1.6,4.0,3.0,2.0,286.0,275.0,1890.0,Yarra
3,t,420000.0,20.6,3.0,2.0,2.0,219.0,175.0,2010.0,Hume
2,h,1015000.0,2.5,2.0,1.0,1.0,131.0,80.0,1890.0,Yarra
4,t,726000.0,6.9,4.0,2.0,1.0,67.0,145.0,2000.0,Moonee Valley
1,u,380000.0,3.3,1.0,1.0,1.0,0.0,41.0,1980.0,Stonnington
4,h,2355000.0,11.2,4.0,2.0,3.0,0.0,223.0,1915.0,Stonnington
3,t,460000.0,13.0,3.0,1.0,1.0,325.0,106.0,1970.0,Moreland
3,t,705000.0,12.8,3.0,2.0,1.0,440.0,156.0,1995.0,Moonee Valley
3,h,1264000.0,13.4,3.0,1.0,2.0,579.0,126.0,1960.0,Whitehorse
3,t,730000.0,10.4,3.0,1.0,2.0,242.0,124.0,2010.0,Moonee Valley
2,h,662000.0,14.9,2.0,1.0,2.0,605.0,114.0,1960.0,Banyule
2,h,1265000.0,1.6,3.0,1.0,1.0,282.0,112.0,1920.0,Yarra
3,t,860000.0,11.4,3.0,1.0,2.0,277.0,135.0,1978.0,Glen Eira
4,h,2360000.0,11.2,4.0,2.0,2.0,764.0,265.0,1930.0,Boroondara
3,t,1360000.0,7.2,3.0,2.0,2.0,797.0,175.0,1997.0,Port Phillip
1,u,300000.0,7.7,1.0,1.0,0.0,0.0,33.0,1930.0,Port Phillip
3,t,900000.0,13.0,3.0,2.0,1.0,360.0,154.0,1975.0,Monash
2,t,468000.0,12.1,2.0,1.0,1.0,137.0,110.0,2012.0,Moreland
3,t,1060000.0,10.2,3.0,2.0,2.0,343.0,1.0,2000.0,Monash
5,h,3085000.0,9.2,5.0,3.0,3.0,778.0,326.0,2000.0,Boroondara
3,t,757000.0,6.4,3.0,2.0,2.0,102.0,102.0,2011.0,Maribyrnong
3,t,735000.0,6.4,3.0,2.0,2.0,112.0,168.0,2010.0,Maribyrnong
4,h,1620000.0,8.4,4.0,3.0,1.0,425.0,233.0,2015.0,Hobsons Bay
1,u,415000.0,7.0,1.0,1.0,1.0,0.0,39.0,1970.0,Darebin
2,h,1055000.0,4.5,2.0,1.0,0.0,203.0,85.0,1900.0,Stonnington
3,t,1015000.0,3.5,3.0,2.0,1.0,112.0,145.0,2000.0,Yarra
4,h,1610000.0,8.2,4.0,3.0,2.0,861.0,274.0,1955.0,Moonee Valley
2,u,1260000.0,1.6,2.0,1.0,1.0,0.0,129.0,1900.0,Yarra
3,h,740000.0,12.1,3.0,1.0,1.0,568.0,115.0,1960.0,Moreland
2,u,535000.0,6.1,2.0,1.0,1.0,0.0,70.0,1930.0,Port Phillip
1,u,443000.0,1.9,1.0,1.0,1.0,547.0,58.0,1900.0,Melbourne
1,u,445000.0,4.2,1.0,1.0,0.0,0.0,67.0,1997.0,Moonee Valley
3,h,540000.0,18.4,3.0,2.0,2.0,580.0,200.0,1990.0,Wyndham
3,t,2050000.0,11.0,3.0,3.0,4.0,310.0,315.0,2014.0,Boroondara
1,u,327000.0,11.4,1.0,1.0,1.0,0.0,32.0,1960.0,Glen Eira
3,h,1251000.0,11.2,4.0,2.0,1.0,536.0,211.0,1930.0,Boroondara
3,h,2251000.0,9.2,3.0,1.0,2.0,888.0,137.0,1950.0,Boroondara
2,u,595000.0,2.1,2.0,1.0,1.0,0.0,76.0,2004.0,Port Phillip
1,u,470000.0,2.5,1.0,1.0,1.0,0.0,50.0,2013.0,Yarra
2,u,735000.0,3.8,2.0,1.0,1.0,0.0,100.0,2000.0,Port Phillip
3,u,601000.0,1.9,2.0,1.0,1.0,0.0,81.0,1996.0,Melbourne
4,t,1435000.0,13.0,3.0,3.0,2.0,291.0,212.0,2012.0,Glen Eira
3,h,1635000.0,3.0,3.0,1.0,0.0,142.0,130.0,1880.0,Yarra
4,t,1010000.0,12.4,4.0,3.0,2.0,332.0,198.0,2013.0,Manningham
3,t,1010000.0,1.9,3.0,3.0,2.0,0.0,132.0,1940.0,Melbourne
3,t,940000.0,4.5,3.0,1.0,2.0,213.0,116.0,1995.0,Moreland
2,u,450000.0,4.4,2.0,1.0,1.0,0.0,62.0,1970.0,Moonee Valley
2,u,550000.0,3.8,2.0,1.0,1.0,0.0,57.0,2012.0,Port Phillip
2,t,781000.0,7.8,2.0,1.0,1.0,0.0,112.9,2014.0,Moreland
3,t,1015000.0,11.2,3.0,2.0,2.0,0.0,134.0,2013.0,Stonnington
4,u,753000.0,13.9,3.0,1.0,1.0,241.0,105.0,1970.0,Manningham
2,t,805000.0,6.5,2.0,1.0,2.0,164.0,95.0,2009.0,Darebin
2,h,2200000.0,2.6,2.0,2.0,1.0,190.0,172.0,1875.0,Melbourne
4,h,1346000.0,9.1,2.0,2.0,2.0,559.0,204.0,1995.0,Moonee Valley
2,t,1090000.0,2.6,2.0,2.0,1.0,0.0,137.0,2002.0,Yarra
3,t,600000.0,9.9,3.0,3.0,1.0,205.0,107.0,1940.0,Moreland
2,u,660000.0,11.2,2.0,2.0,1.0,217.0,113.0,2006.0,Moonee Valley
3,h,1182000.0,2.6,3.0,1.0,1.0,199.0,110.0,1920.0,Yarra
3,t,940000.0,20.0,3.0,1.0,2.0,331.0,157.9352,1989.0,Kingston
5,h,2550000.0,10.7,5.0,3.0,2.0,915.0,233.0,1960.0,Bayside
1,u,346000.0,11.4,1.0,1.0,1.0,60.0,48.0,1970.0,Glen Eira
1,u,380000.0,13.9,1.0,1.0,1.0,0.0,99.0,1970.0,Glen Eira
3,t,1260000.0,13.8,3.0,2.0,2.0,669.0,138.0,1960.0,Glen Eira
4,t,970000.0,7.5,4.0,2.0,2.0,0.0,142.0,2003.0,Moonee Valley
3,h,588000.0,13.0,3.0,1.0,1.0,616.0,125.0,1960.0,Moreland
2,h,890000.0,2.5,2.0,1.0,1.0,150.0,73.0,1985.0,Yarra
4,h,1815000.0,4.5,4.0,1.0,1.0,233.0,204.0,1890.0,Moreland
3,h,590500.0,14.0,3.0,1.0,1.0,708.0,90.0,1960.0,Hume
4,h,2165000.0,7.5,4.0,2.0,3.0,951.0,238.0,1930.0,Moonee Valley
2,t,1013000.0,1.9,2.0,2.0,1.0,0.0,130.0,2010.0,Melbourne
2,u,683000.0,1.6,2.0,1.0,1.0,0.0,92.0,1900.0,Yarra
2,u,510000.0,13.8,2.0,1.0,1.0,127.0,76.0,1990.0,Hobsons Bay
3,t,592000.0,11.2,3.0,1.0,1.0,270.0,160.0,2016.0,Darebin
3,h,1220000.0,7.9,3.0,1.0,1.0,687.0,110.0,1975.0,Banyule
2,u,1300000.0,11.2,2.0,2.0,2.0,329.0,132.0,1940.0,Bayside
3,u,870000.0,13.9,3.0,2.0,2.0,365.0,150.0,2011.0,Glen Eira
2,u,1140000.0,4.1,2.0,2.0,2.0,586.0,119.0,1990.0,Stonnington
3,h,740000.0,14.9,3.0,1.0,1.0,591.0,104.0,1960.0,Banyule
5,h,1170000.0,8.9,5.0,3.0,3.0,694.0,210.0,1975.0,Banyule
3,t,865000.0,13.6,3.0,2.0,2.0,277.0,143.0,2010.0,Monash
2,u,725000.0,13.0,2.0,1.0,1.0,677.0,88.0,2012.0,Glen Eira
3,h,1307500.0,5.3,3.0,2.0,0.0,258.0,124.0,1920.0,Darebin
2,t,745500.0,12.1,2.0,1.0,1.0,186.0,110.0,1980.0,Glen Eira
4,t,1425000.0,11.8,4.0,2.0,2.0,314.0,189.0,2000.0,Glen Eira
2,t,421000.0,11.1,2.0,1.0,1.0,77.0,77.0,2009.0,Hobsons Bay
3,u,1190000.0,10.3,3.0,2.0,2.0,0.0,148.0,1975.0,Banyule
3,t,1465000.0,6.2,3.0,2.0,2.0,265.0,177.0,2010.0,Boroondara
2,u,637000.0,16.1,2.0,1.0,1.0,318.0,104.0,1980.0,Banyule
3,t,1050000.0,5.9,3.0,2.0,2.0,318.0,160.0,2013.0,Moonee Valley
2,u,500000.0,4.4,2.0,1.0,1.0,0.0,72.9,1970.0,Moonee Valley
5,h,3860000.0,9.2,5.0,4.0,2.0,830.0,520.0,2009.0,Boroondara
2,u,530000.0,4.3,2.0,1.0,1.0,81.0,88.0,1980.0,Maribyrnong
2,u,600000.0,5.2,2.0,1.0,1.0,0.0,75.0,2011.0,Moreland
2,u,468250.0,11.4,2.0,1.0,1.0,912.0,75.0,2008.0,Glen Eira
2,u,806000.0,4.6,2.0,1.0,1.0,0.0,64.0,1930.0,Boroondara
2,h,1256000.0,7.0,2.0,1.0,3.0,531.0,111.0,1940.0,Maribyrnong
2,u,790000.0,11.2,2.0,1.0,2.0,196.0,109.0,1970.0,Stonnington
2,t,855000.0,11.4,2.0,1.0,1.0,158.0,106.0,1994.0,Glen Eira
2,u,696000.0,2.6,2.0,2.0,1.0,0.0,68.0,2008.0,Yarra
2,t,520000.0,9.9,2.0,1.0,1.0,0.0,82.0,2011.0,Moreland
3,t,815000.0,4.3,3.0,2.0,2.0,198.0,130.0,1990.0,Maribyrnong
3,h,1302500.0,11.2,3.0,2.0,2.0,0.0,171.0,1993.0,Bayside
